{"version":1,"items":[{"from":"teacher1","text":"fegvwvwv","ts":1757697664411,"room":"pokój","cid":"mfh3t1uj-cc004c9135487"},{"from":"teacher1","text":"vwdvw","ts":1757697667678,"room":"pokój","cid":"mfh3t4da-70ae33717a49b8"},{"from":"teacher1","text":"jhb","ts":1757702601598,"room":null,"cid":"mfh6qvem-0fae1f35422ee8"},{"from":"teacher1","text":"nowa wiadomość","ts":1757702626561,"room":"pokój","cid":"mfh6reo1-5689049b92952"},{"from":"teacher1","text":"fefew","ts":1757704599048,"room":"pokój","cid":"mfh7xonc-060f5278e9dff"},{"from":"teacher1","text":"wergvwfw","ts":1757704604521,"room":"pokój","cid":"mfh7xsvd-b0cee6dfac8bf"},{"from":"teacher1","text":"fewfe","ts":1757704605571,"room":"pokój","cid":"mfh7xtoj-5e52a3d126987"},{"from":"teacher1","text":"fewew","ts":1757704606413,"room":"pokój","cid":"mfh7xubx-f973fa2fdf90f"},{"from":"teacher1","text":"fewfew","ts":1757704607171,"room":"pokój","cid":"mfh7xuwz-08e8a55f935e18"},{"from":"teacher1","text":"fewfewf","ts":1757704607949,"room":"pokój","cid":"mfh7xvil-3c827b9a32b848"},{"from":"teacher1","text":"fwefew","ts":1757704609257,"room":"pokój","cid":"mfh7xwix-4cafa5d68e158"},{"from":"teacher1","text":"ewfewf","ts":1757704613678,"room":"pokój","cid":"mfh7xzxq-a6fceae273473"},{"from":"teacher1","text":"Wiadomość z dnia 13.09 g.14:36","ts":1757766998429,"room":null,"cid":null},{"from":"teacher1","text":"I druga wiadomość","ts":1757767020832,"room":null,"cid":null},{"from":"teacher1","text":"Wiadomość z dnia 13.09 g.14:39","ts":1757767170159,"room":"pokój","cid":null}]}